Dataset_ID,Threat Actor,Ransom,Service degradation,IP Theft,Reputation hit,Low quality Product,Data Loss,Privacy Breach,OT Failure,Resource Theft
1,Organized Crime,29.440000000000005,48.94400000000001,29.440000000000005,44.16,36.800000000000004,44.16,24.656000000000002,29.440000000000005,29.440000000000005
1,Other Criminals,59.85,59.85,54.0,30.150000000000002,59.85,59.85,36.0,59.85,30.150000000000002
1,APTs,36.18,64.8,71.82,64.8,64.8,64.8,64.8,36.18,64.8
1,Other Governments,29.627400000000005,29.627400000000005,58.8126,35.376000000000005,44.220000000000006,35.376000000000005,44.220000000000006,29.627400000000005,58.8126
1,Competitors,40.0,40.0,50.0,60.0,33.5,50.0,66.5,40.0,33.5
1,Anarchist Insider,38.400000000000006,57.599999999999994,57.599999999999994,48.0,57.599999999999994,38.400000000000006,57.599999999999994,32.160000000000004,32.160000000000004
1,Anarchist Outsider,28.14,28.14,28.14,37.4262,28.14,37.4262,28.14,28.14,28.14
1,Total,59.85,64.8,71.82,64.8,64.8,64.8,66.5,59.85,64.8
2,Organized Crime,24.960000000000004,37.44,24.960000000000004,37.44,24.960000000000004,31.200000000000003,20.904000000000003,20.904000000000003,41.49600000000001
2,Other Criminals,23.048000000000002,28.810000000000002,34.572,38.3173,28.810000000000002,23.048000000000002,38.3173,34.572,28.810000000000002
2,APTs,48.0,48.0,48.0,40.0,53.2,26.8,40.0,53.2,40.0
2,Other Governments,28.408000000000005,47.22830000000001,23.791700000000006,42.612,35.510000000000005,28.408000000000005,47.22830000000001,42.612,35.510000000000005
2,Competitors,18.853800000000003,33.768,18.853800000000003,28.14,37.4262,33.768,28.14,33.768,18.853800000000003
2,Anarchist Insider,58.52,58.52,49.01050000000001,58.52,49.01050000000001,49.01050000000001,90.0,73.15,58.52
2,Anarchist Outsider,38.304,32.079600000000006,47.88,57.455999999999996,38.304,63.680400000000006,47.88,38.304,57.455999999999996
2,Total,58.52,58.52,49.01050000000001,58.52,53.2,63.680400000000006,90.0,73.15,58.52
3,Organized Crime,74.88,62.4,62.4,82.99199999999999,62.4,41.808,82.99199999999999,49.92,62.4
3,Other Criminals,23.791700000000006,42.612,28.408000000000005,23.791700000000006,47.22830000000001,28.408000000000005,47.22830000000001,47.22830000000001,35.510000000000005
3,APTs,63.84,63.84,84.9072,84.9072,51.07200000000001,51.07200000000001,42.772800000000004,42.772800000000004,51.07200000000001
3,Other Governments,57.6,32.160000000000004,57.6,38.400000000000006,32.160000000000004,63.84000000000001,63.84000000000001,38.400000000000006,38.400000000000006
3,Competitors,48.0,79.8,79.8,72.0,48.0,40.199999999999996,48.0,40.199999999999996,60.0
3,Anarchist Insider,50.652,33.76800000000001,33.76800000000001,33.76800000000001,33.76800000000001,33.76800000000001,28.280700000000003,28.280700000000003,56.139300000000006
3,Anarchist Outsider,42.21,28.280700000000003,56.139300000000006,28.280700000000003,33.76800000000001,28.280700000000003,33.76800000000001,50.652,50.652
3,Total,74.88,79.8,84.9072,84.9072,62.4,63.84000000000001,82.99199999999999,50.652,62.4
4,Organized Crime,19.7516,35.376,19.7516,39.208400000000005,23.584000000000003,29.48,29.48,35.376,29.48
4,Other Criminals,33.28,49.92,49.92,55.328,41.6,55.328,49.92,27.872000000000003,33.28
4,APTs,28.408000000000005,47.22830000000001,28.408000000000005,47.22830000000001,42.612,28.408000000000005,35.510000000000005,23.791700000000006,23.791700000000006
4,Other Governments,50.879999999999995,28.408000000000005,50.879999999999995,50.879999999999995,33.92000000000001,56.39200000000001,33.92000000000001,42.400000000000006,33.92000000000001
4,Competitors,50.400000000000006,60.48,33.768,67.03200000000001,33.768,60.48,67.03200000000001,33.768,60.48
4,Anarchist Insider,30.150000000000002,30.150000000000002,24.12,40.099500000000006,40.099500000000006,36.18,20.2005,36.18,24.12
4,Anarchist Outsider,57.190000000000005,57.190000000000005,43.0,34.4,34.4,43.0,28.810000000000002,57.190000000000005,57.190000000000005
4,Total,57.190000000000005,60.48,50.879999999999995,67.03200000000001,42.612,60.48,67.03200000000001,57.190000000000005,60.48
5,Organized Crime,35.52,39.368,35.52,29.6,35.52,29.6,35.52,23.680000000000003,23.680000000000003
5,Other Criminals,28.944,24.12,24.12,24.12,24.12,32.079600000000006,16.160400000000003,28.944,32.079600000000006
5,APTs,47.22830000000001,47.22830000000001,47.22830000000001,56.39200000000001,84.588,47.22830000000001,70.49000000000001,90.0,90.0
5,Other Governments,73.41600000000001,61.48590000000001,61.48590000000001,90.0,90.0,61.48590000000001,90.0,90.0,73.41600000000001
5,Competitors,48.1194,90.0,90.0,57.45600000000001,57.45600000000001,86.184,90.0,86.184,86.184
5,Anarchist Insider,54.0,64.8,54.0,64.8,43.2,43.2,64.8,71.82000000000001,71.82000000000001
5,Anarchist Outsider,49.90160000000001,49.90160000000001,59.58400000000001,90.0,59.58400000000001,74.48,49.90160000000001,90.0,74.48
5,Total,73.41600000000001,90.0,90.0,90.0,90.0,86.184,90.0,90.0,90.0
6,Organized Crime,30.552000000000003,33.86180000000001,20.368000000000002,33.86180000000001,20.368000000000002,17.058200000000003,33.86180000000001,20.368000000000002,30.552000000000003
6,Other Criminals,78.204,47.04,58.8,58.8,78.204,39.39600000000001,58.8,58.8,39.39600000000001
6,APTs,81.13000000000001,54.35710000000001,90.0,54.35710000000001,90.0,81.13000000000001,54.35710000000001,54.35710000000001,90.0
6,Other Governments,40.43200000000001,40.43200000000001,30.400000000000002,40.43200000000001,40.43200000000001,24.320000000000004,36.480000000000004,30.400000000000002,36.480000000000004
6,Competitors,56.64,47.2,62.776,56.64,56.64,37.760000000000005,47.2,47.2,47.2
6,Anarchist Insider,73.2,81.13000000000001,61.0,61.0,61.0,61.0,48.800000000000004,73.2,81.13000000000001
6,Anarchist Outsider,79.60050000000001,79.60050000000001,47.88,71.82000000000001,71.82000000000001,71.82000000000001,40.099500000000006,71.82000000000001,47.88
6,Total,81.13000000000001,81.13000000000001,90.0,71.82000000000001,90.0,81.13000000000001,58.8,73.2,90.0
7,Organized Crime,74.39999999999999,74.39999999999999,90.0,90.0,59.519999999999996,89.27999999999999,90.0,90.0,59.519999999999996
7,Other Criminals,27.200000000000003,34.0,34.0,22.78,34.0,45.22,34.0,45.22,22.78
7,APTs,73.416,81.36940000000001,61.18000000000001,81.36940000000001,73.416,48.94400000000001,40.9906,61.18000000000001,81.36940000000001
7,Other Governments,35.2,35.2,52.8,58.52,35.2,35.2,52.8,44.0,58.52
7,Competitors,66.0,55.0,44.0,73.15,44.0,55.0,73.15,36.85,36.85
7,Anarchist Insider,58.0,77.14,69.6,46.400000000000006,69.6,77.14,69.6,77.14,77.14
7,Anarchist Outsider,39.208400000000005,70.224,58.52,70.224,77.83160000000001,70.224,39.208400000000005,46.81600000000001,58.52
7,Total,74.39999999999999,81.36940000000001,90.0,90.0,77.83160000000001,89.27999999999999,90.0,90.0,81.36940000000001
8,Organized Crime,57.03040000000001,85.12,90.0,90.0,57.03040000000001,90.0,57.03040000000001,68.096,68.096
8,Other Criminals,90.0,90.0,62.77600000000001,90.0,52.57490000000001,90.0,90.0,52.57490000000001,52.57490000000001
8,APTs,90.0,61.44,90.0,90.0,90.0,90.0,61.44,61.44,90.0
8,Other Governments,43.66390000000001,65.17,86.6761,86.6761,65.17,65.17,43.66390000000001,78.204,86.6761
8,Competitors,79.80000000000001,88.44500000000001,66.5,66.5,88.44500000000001,44.555,88.44500000000001,88.44500000000001,66.5
8,Anarchist Insider,55.24820000000001,49.848,27.8318,27.8318,49.848,49.848,49.848,49.848,41.54
8,Anarchist Outsider,55.199999999999996,36.800000000000004,61.18000000000001,61.18000000000001,36.800000000000004,61.18000000000001,55.199999999999996,46.0,61.18000000000001
8,Total,90.0,90.0,90.0,90.0,90.0,90.0,90.0,88.44500000000001,90.0
9,Organized Crime,42.400000000000006,28.408000000000005,33.92000000000001,42.400000000000006,33.92000000000001,28.408000000000005,56.39200000000001,28.408000000000005,56.39200000000001
9,Other Criminals,47.04,78.204,70.55999999999999,47.04,47.04,58.8,47.04,70.55999999999999,39.39600000000001
9,APTs,73.2,61.0,73.2,48.800000000000004,61.0,61.0,73.2,61.0,81.13000000000001
9,Other Governments,32.964,32.964,32.964,65.43599999999999,32.964,59.03999999999999,65.43599999999999,49.199999999999996,65.43599999999999
9,Competitors,66.5,33.5,33.5,66.5,66.5,66.5,40.0,66.5,33.5
9,Anarchist Insider,67.83,54.26400000000001,54.26400000000001,90.0,54.26400000000001,67.83,90.0,67.83,45.4461
9,Anarchist Outsider,41.6,69.16,34.84,62.4,41.6,34.84,52.0,41.6,69.16
9,Total,73.2,78.204,73.2,90.0,66.5,67.83,90.0,70.55999999999999,81.13000000000001
10,Organized Crime,35.2,28.160000000000004,35.2,28.160000000000004,42.24,46.816,35.2,28.160000000000004,35.2
10,Other Criminals,54.53,27.470000000000002,54.53,49.199999999999996,32.800000000000004,27.470000000000002,49.199999999999996,32.800000000000004,32.800000000000004
10,APTs,37.760000000000005,31.624000000000002,56.64,62.776,31.624000000000002,62.776,47.2,47.2,47.2
10,Other Governments,61.18000000000001,30.82,61.18000000000001,55.199999999999996,36.800000000000004,46.0,55.199999999999996,30.82,30.82
10,Competitors,90.0,68.39999999999999,54.72,45.828,45.828,90.0,82.07999999999998,45.828,82.07999999999998
10,Anarchist Insider,45.0,45.0,54.0,45.0,45.0,45.0,45.0,54.0,54.0
10,Anarchist Outsider,46.3372,27.872000000000003,46.3372,23.342800000000004,46.3372,46.3372,27.872000000000003,34.84,46.3372
10,Total,90.0,68.39999999999999,61.18000000000001,62.776,46.3372,90.0,82.07999999999998,54.0,82.07999999999998
11,Organized Crime,25.728,17.152,21.44,17.152,17.152,28.515200000000004,21.44,25.728,28.515200000000004
11,Other Criminals,47.04,39.2,31.360000000000003,47.04,47.04,31.360000000000003,47.04,31.360000000000003,39.2
11,APTs,64.8,64.8,71.82000000000001,64.8,54.0,43.2,54.0,54.0,64.8
11,Other Governments,15.2626,22.78,27.336,15.2626,27.336,18.224000000000004,30.2974,18.224000000000004,18.224000000000004
11,Competitors,90.0,73.15,49.01050000000001,49.01050000000001,58.52,58.52,73.15,58.52,73.15
11,Anarchist Insider,73.416,81.36940000000001,61.18000000000001,81.36940000000001,61.18000000000001,48.94400000000001,61.18000000000001,48.94400000000001,73.416
11,Anarchist Outsider,42.772800000000004,32.160000000000004,21.547200000000004,32.160000000000004,21.547200000000004,38.592,42.772800000000004,42.772800000000004,25.728000000000005
11,Total,90.0,81.36940000000001,71.82000000000001,81.36940000000001,61.18000000000001,58.52,73.15,58.52,73.416
12,Organized Crime,40.32,33.6,33.6,40.32,40.32,22.512,26.880000000000003,22.512,44.688
12,Other Criminals,30.720000000000006,25.728000000000005,51.072,25.728000000000005,51.072,46.08,38.400000000000006,38.400000000000006,46.08
12,APTs,84.96,70.8,70.8,56.64,70.8,47.436,56.64,47.436,56.64
12,Other Governments,39.39600000000001,70.55999999999999,70.55999999999999,78.204,70.55999999999999,70.55999999999999,70.55999999999999,70.55999999999999,58.8
12,Competitors,29.48,39.208400000000005,23.584000000000003,39.208400000000005,35.376,19.7516,23.584000000000003,29.48,29.48
12,Anarchist Insider,37.6,62.510000000000005,62.510000000000005,56.4,56.4,62.510000000000005,62.510000000000005,37.6,56.4
12,Anarchist Outsider,46.816,35.2,46.816,23.584000000000003,42.24,42.24,35.2,35.2,35.2
12,Total,84.96,70.8,70.8,78.204,70.8,70.55999999999999,70.55999999999999,70.55999999999999,58.8
13,Organized Crime,27.52,41.28,23.048000000000002,27.52,41.28,27.52,45.75200000000001,23.048000000000002,27.52
13,Other Criminals,86.39999999999999,90.0,48.24,48.24,72.0,57.599999999999994,90.0,90.0,86.39999999999999
13,APTs,28.8,36.0,43.199999999999996,36.0,24.12,36.0,47.88,24.12,43.199999999999996
13,Other Governments,28.408000000000005,33.92000000000001,42.400000000000006,28.408000000000005,28.408000000000005,33.92000000000001,33.92000000000001,33.92000000000001,56.39200000000001
13,Competitors,56.64,56.64,62.776,37.760000000000005,31.624000000000002,37.760000000000005,37.760000000000005,37.760000000000005,47.2
13,Anarchist Insider,40.800000000000004,54.264,32.64000000000001,48.96,40.800000000000004,48.96,54.264,54.264,40.800000000000004
13,Anarchist Outsider,26.8,32.0,53.2,48.0,53.2,32.0,40.0,40.0,26.8
13,Total,86.39999999999999,90.0,62.776,48.96,72.0,57.599999999999994,90.0,90.0,86.39999999999999
14,Organized Crime,40.99060000000001,36.984,20.6494,24.656000000000006,40.99060000000001,24.656000000000006,40.99060000000001,20.6494,20.6494
14,Other Criminals,74.88,74.88,82.99199999999999,41.808,74.88,49.92,82.99199999999999,82.99199999999999,49.92
14,APTs,47.436,31.624000000000002,39.53,26.485100000000003,39.53,39.53,39.53,47.436,39.53
14,Other Governments,89.376,89.376,89.376,80.64,80.64,53.760000000000005,67.2,67.2,67.2
14,Competitors,36.53510000000001,43.62400000000001,65.43599999999999,72.5249,65.43599999999999,43.62400000000001,72.5249,72.5249,43.62400000000001
14,Anarchist Insider,26.8,44.555,22.445,40.2,26.8,22.445,26.8,44.555,22.445
14,Anarchist Outsider,32.0,53.2,53.2,53.2,40.0,26.8,26.8,40.0,26.8
14,Total,89.376,89.376,89.376,80.64,80.64,53.760000000000005,82.99199999999999,82.99199999999999,67.2
15,Organized Crime,20.904000000000003,20.904000000000003,31.356,34.752900000000004,17.5071,20.904000000000003,20.904000000000003,34.752900000000004,20.904000000000003
15,Other Criminals,33.6,44.688,33.6,26.880000000000003,26.880000000000003,44.688,22.512,44.688,22.512
15,APTs,26.8,32.0,48.0,32.0,48.0,48.0,53.2,26.8,53.2
15,Other Governments,58.52,90.0,87.78,90.0,90.0,49.01050000000001,90.0,49.01050000000001,90.0
15,Competitors,20.77,27.624100000000006,16.616000000000003,27.624100000000006,13.9159,13.9159,16.616000000000003,20.77,24.924
15,Anarchist Insider,40.0,48.0,48.0,48.0,53.2,32.0,53.2,32.0,48.0
15,Anarchist Outsider,40.9906,48.94400000000001,40.9906,73.416,81.36940000000001,73.416,81.36940000000001,81.36940000000001,61.18000000000001
15,Total,58.52,90.0,87.78,90.0,90.0,73.416,90.0,81.36940000000001,90.0
16,Organized Crime,60.480000000000004,60.480000000000004,60.480000000000004,90.0,90.0,50.652,90.0,50.652,75.6
16,Other Criminals,30.552,36.480000000000004,36.480000000000004,60.648,54.72,30.552,45.6,54.72,54.72
16,APTs,35.644000000000005,35.644000000000005,26.8,35.644000000000005,26.8,32.160000000000004,35.644000000000005,35.644000000000005,17.956000000000003
16,Other Governments,29.6,29.6,19.832000000000004,35.52,19.832000000000004,39.368,35.52,39.368,39.368
16,Competitors,42.24,70.224,63.35999999999999,35.376,63.35999999999999,52.8,35.376,63.35999999999999,35.376
16,Anarchist Insider,52.0,52.0,52.0,41.6,34.84,62.4,62.4,52.0,41.6
16,Anarchist Outsider,38.400000000000006,63.84,63.84,57.599999999999994,63.84,57.599999999999994,32.160000000000004,32.160000000000004,32.160000000000004
16,Total,60.480000000000004,70.224,63.84,90.0,90.0,62.4,90.0,63.35999999999999,75.6
17,Organized Crime,16.080000000000002,20.1,26.733000000000004,13.467000000000002,16.080000000000002,13.467000000000002,16.080000000000002,24.12,13.467000000000002
17,Other Criminals,36.53510000000001,36.53510000000001,43.62400000000001,36.53510000000001,36.53510000000001,72.5249,43.62400000000001,36.53510000000001,43.62400000000001
17,APTs,45.22,34.0,22.78,22.78,40.8,45.22,22.78,34.0,27.200000000000003
17,Other Governments,84.588,56.39200000000001,47.22830000000001,90.0,90.0,56.39200000000001,70.49000000000001,90.0,84.588
17,Competitors,45.75200000000001,41.28,34.4,41.28,34.4,27.52,27.52,41.28,41.28
17,Anarchist Insider,29.4063,29.4063,14.813700000000003,14.813700000000003,14.813700000000003,14.813700000000003,26.532000000000004,17.688000000000002,17.688000000000002
17,Anarchist Outsider,57.599999999999994,38.592000000000006,69.11999999999999,57.599999999999994,38.592000000000006,57.599999999999994,76.608,57.599999999999994,76.608
17,Total,84.588,56.39200000000001,69.11999999999999,90.0,90.0,72.5249,76.608,90.0,84.588
18,Organized Crime,38.3173,28.810000000000002,34.572,23.048000000000002,34.572,19.3027,34.572,34.572,23.048000000000002
18,Other Criminals,56.4,67.67999999999999,75.012,75.012,67.67999999999999,75.012,37.788000000000004,45.12,37.788000000000004
18,APTs,73.41600000000001,66.24,55.199999999999996,66.24,44.160000000000004,66.24,36.984,44.160000000000004,73.41600000000001
18,Other Governments,38.86,31.088000000000005,31.088000000000005,38.86,51.683800000000005,46.632,38.86,38.86,26.0362
18,Competitors,55.68,55.68,31.088,37.120000000000005,55.68,61.712,31.088,31.088,46.400000000000006
18,Anarchist Insider,32.830000000000005,26.264000000000003,26.264000000000003,43.663900000000005,32.830000000000005,21.996100000000006,39.396,43.663900000000005,32.830000000000005
18,Anarchist Outsider,33.92000000000001,56.39200000000001,33.92000000000001,56.39200000000001,50.879999999999995,56.39200000000001,50.879999999999995,42.400000000000006,33.92000000000001
18,Total,73.41600000000001,67.67999999999999,75.012,75.012,67.67999999999999,75.012,50.879999999999995,45.12,73.41600000000001
19,Organized Crime,46.080000000000005,57.599999999999994,76.608,57.599999999999994,46.080000000000005,76.608,38.592000000000006,38.592000000000006,57.599999999999994
19,Other Criminals,26.130000000000003,34.752900000000004,34.752900000000004,31.356,20.904000000000003,20.904000000000003,31.356,17.5071,17.5071
19,APTs,43.199999999999996,47.88,28.8,47.88,24.12,47.88,36.0,43.199999999999996,24.12
19,Other Governments,67.2,74.48,44.800000000000004,67.2,74.48,74.48,56.0,67.2,37.52
19,Competitors,41.28,34.4,45.75200000000001,45.75200000000001,27.52,34.4,41.28,45.75200000000001,23.048000000000002
19,Anarchist Insider,36.0,30.150000000000002,36.0,54.0,30.150000000000002,30.150000000000002,45.0,59.85,45.0
19,Anarchist Outsider,59.0,70.8,59.0,47.2,47.2,70.8,70.8,39.53,78.47
19,Total,67.2,74.48,76.608,67.2,74.48,76.608,70.8,67.2,78.47
20,Organized Crime,45.6,45.6,60.648,45.6,60.648,54.72,45.6,45.6,54.72
20,Other Criminals,48.0,38.400000000000006,63.84000000000001,63.84000000000001,48.0,63.84000000000001,38.400000000000006,32.160000000000004,63.84000000000001
20,APTs,49.92,49.92,41.6,49.92,41.6,49.92,41.6,49.92,49.92
20,Other Governments,85.2,85.2,56.800000000000004,85.2,71.0,85.2,47.57,90.0,71.0
20,Competitors,44.688,44.688,40.32,40.32,44.688,33.6,22.512,44.688,33.6
20,Anarchist Insider,24.689500000000002,36.85,24.689500000000002,49.01050000000001,24.689500000000002,29.48,36.85,24.689500000000002,36.85
20,Anarchist Outsider,44.800000000000004,67.2,56.0,67.2,44.800000000000004,44.800000000000004,44.800000000000004,74.48,74.48
20,Total,85.2,85.2,63.84000000000001,85.2,71.0,85.2,47.57,90.0,74.48
21,Organized Crime,24.2406,36.18,43.416000000000004,36.18,24.2406,28.944000000000003,43.416000000000004,28.944000000000003,24.2406
21,Other Criminals,88.44500000000001,66.5,66.5,44.555,53.2,66.5,88.44500000000001,79.80000000000001,44.555
21,APTs,28.8,23.040000000000003,23.040000000000003,28.8,34.559999999999995,23.040000000000003,19.296000000000003,23.040000000000003,19.296000000000003
21,Other Governments,65.17,32.830000000000005,32.830000000000005,32.830000000000005,49.0,65.17,58.8,39.2,49.0
21,Competitors,26.264000000000003,43.663900000000005,26.264000000000003,32.830000000000005,26.264000000000003,32.830000000000005,39.396,39.396,39.396
21,Anarchist Insider,29.48,58.52,44.0,52.8,44.0,44.0,44.0,35.2,58.52
21,Anarchist Outsider,26.8,26.8,48.0,53.2,48.0,53.2,32.0,48.0,40.0
21,Total,88.44500000000001,66.5,66.5,53.2,53.2,66.5,88.44500000000001,79.80000000000001,58.52
22,Organized Crime,36.0,20.099999999999998,36.0,20.099999999999998,39.9,20.099999999999998,24.0,30.0,39.9
22,Other Criminals,46.81600000000001,70.224,46.81600000000001,46.81600000000001,70.224,58.52,70.224,77.83160000000001,70.224
22,APTs,33.232,33.232,33.232,39.68000000000001,39.68000000000001,49.6,65.968,65.968,39.68000000000001
22,Other Governments,32.696000000000005,48.800000000000004,58.56,58.56,58.56,58.56,32.696000000000005,39.040000000000006,39.040000000000006
22,Competitors,32.984,16.616,16.616,16.616,29.759999999999998,32.984,24.8,24.8,16.616
22,Anarchist Insider,37.788000000000004,37.788000000000004,31.490000000000002,31.490000000000002,21.098300000000002,41.88170000000001,41.88170000000001,25.192000000000004,37.788000000000004
22,Anarchist Outsider,32.830000000000005,39.2,32.830000000000005,39.2,65.17,39.2,39.2,49.0,32.830000000000005
22,Total,46.81600000000001,70.224,58.56,58.56,70.224,58.56,70.224,77.83160000000001,70.224
23,Organized Crime,45.828,54.72,68.39999999999999,82.07999999999998,90.0,68.39999999999999,68.39999999999999,54.72,90.0
23,Other Criminals,33.5,33.5,33.5,44.555,44.555,33.5,40.2,33.5,22.445
23,APTs,65.43599999999999,32.964,49.199999999999996,49.199999999999996,32.964,65.43599999999999,32.964,59.03999999999999,39.36000000000001
23,Other Governments,51.870000000000005,39.0,31.200000000000003,51.870000000000005,46.8,46.8,46.8,31.200000000000003,46.8
23,Competitors,73.15,73.15,55.0,73.15,55.0,36.85,55.0,73.15,44.0
23,Anarchist Insider,58.8,65.17,58.8,65.17,39.2,49.0,58.8,39.2,32.830000000000005
23,Anarchist Outsider,47.88,47.88,38.304,57.455999999999996,63.680400000000006,32.079600000000006,47.88,32.079600000000006,32.079600000000006
23,Total,73.15,73.15,68.39999999999999,82.07999999999998,90.0,68.39999999999999,68.39999999999999,73.15,90.0
24,Organized Crime,63.84,76.60799999999999,42.772800000000004,84.9072,84.9072,76.60799999999999,84.9072,42.772800000000004,84.9072
24,Other Criminals,21.976000000000003,32.800000000000004,43.624,43.624,43.624,32.800000000000004,26.240000000000006,21.976000000000003,43.624
24,APTs,36.85,24.689500000000002,49.01050000000001,49.01050000000001,36.85,49.01050000000001,49.01050000000001,24.689500000000002,44.220000000000006
24,Other Governments,31.356,34.752900000000004,34.752900000000004,34.752900000000004,26.130000000000003,31.356,31.356,31.356,26.130000000000003
24,Competitors,54.0,54.0,36.18,36.18,43.199999999999996,54.0,36.18,64.8,54.0
24,Anarchist Insider,48.0,48.0,38.400000000000006,48.0,48.0,48.0,32.160000000000004,48.0,63.84
24,Anarchist Outsider,79.2,53.06400000000001,90.0,79.2,63.36,79.2,90.0,53.06400000000001,90.0
24,Total,79.2,76.60799999999999,90.0,84.9072,84.9072,79.2,90.0,64.8,90.0
25,Organized Crime,39.0,51.870000000000005,46.8,46.8,51.870000000000005,46.8,39.0,51.870000000000005,26.130000000000003
25,Other Criminals,86.18400000000001,51.84,86.18400000000001,64.8,43.416,77.75999999999999,64.8,51.84,43.416
25,APTs,86.18400000000001,43.416,64.8,64.8,64.8,77.75999999999999,64.8,86.18400000000001,64.8
25,Other Governments,20.6494,20.6494,20.6494,30.82,24.656000000000006,30.82,24.656000000000006,36.984,24.656000000000006
25,Competitors,70.49000000000001,70.49000000000001,63.599999999999994,35.510000000000005,53.0,70.49000000000001,53.0,35.510000000000005,70.49000000000001
25,Anarchist Insider,22.445,26.8,40.2,33.5,33.5,40.2,33.5,40.2,22.445
25,Anarchist Outsider,26.130000000000003,26.130000000000003,31.200000000000003,46.8,26.130000000000003,51.870000000000005,51.870000000000005,46.8,26.130000000000003
25,Total,86.18400000000001,70.49000000000001,86.18400000000001,64.8,64.8,77.75999999999999,64.8,86.18400000000001,70.49000000000001
26,Organized Crime,35.2,29.48,35.2,58.52,35.2,44.0,35.2,52.8,58.52
26,Other Criminals,36.984,24.656000000000006,20.6494,30.82,36.984,40.99060000000001,36.984,24.656000000000006,36.984
26,APTs,34.572,34.572,34.572,28.810000000000002,34.572,23.048000000000002,23.048000000000002,38.3173,23.048000000000002
26,Other Governments,33.232000000000006,33.232000000000006,41.54,33.232000000000006,33.232000000000006,49.848,41.54,33.232000000000006,49.848
26,Competitors,54.26400000000001,54.26400000000001,90.0,54.26400000000001,81.396,90.0,67.83,90.0,45.4461
26,Anarchist Insider,90.0,46.230000000000004,69.0,82.8,90.0,46.230000000000004,82.8,90.0,46.230000000000004
26,Anarchist Outsider,27.8318,49.848,33.232000000000006,27.8318,55.24820000000001,41.54,33.232000000000006,55.24820000000001,41.54
26,Total,90.0,54.26400000000001,90.0,82.8,90.0,90.0,82.8,90.0,58.52
27,Organized Crime,51.0,67.83,51.0,61.199999999999996,34.17,61.199999999999996,61.199999999999996,40.800000000000004,51.0
27,Other Criminals,48.1194,71.82000000000001,90.0,71.82000000000001,71.82000000000001,57.45600000000001,90.0,86.184,48.1194
27,APTs,15.2626,27.336,27.336,22.78,18.224000000000004,27.336,22.78,18.224000000000004,30.2974
27,Other Governments,64.8,71.82000000000001,64.8,71.82000000000001,36.18,64.8,64.8,71.82000000000001,71.82000000000001
27,Competitors,90.0,50.652,50.652,60.480000000000004,90.0,90.0,90.0,90.0,90.0
27,Anarchist Insider,56.139300000000006,83.79,83.79,90.0,56.139300000000006,83.79,67.03200000000001,56.139300000000006,56.139300000000006
27,Anarchist Outsider,53.2,40.0,48.0,48.0,32.0,53.2,48.0,26.8,40.0
27,Total,90.0,83.79,90.0,90.0,90.0,90.0,90.0,90.0,90.0
28,Organized Crime,31.490000000000002,31.490000000000002,62.510000000000005,37.6,47.0,37.6,37.6,62.510000000000005,47.0
28,Other Criminals,90.0,90.0,74.88000000000001,90.0,62.712,74.88000000000001,90.0,74.88000000000001,62.712
28,APTs,63.84,63.84,84.9072,63.84,42.772800000000004,76.60799999999999,42.772800000000004,42.772800000000004,63.84
28,Other Governments,64.8,64.8,64.8,71.82,36.18,43.199999999999996,71.82,54.0,71.82
28,Competitors,31.188500000000005,31.188500000000005,23.450000000000003,28.14,28.14,28.14,23.450000000000003,23.450000000000003,28.14
28,Anarchist Insider,46.550000000000004,55.86,31.188500000000005,61.91150000000001,31.188500000000005,31.188500000000005,31.188500000000005,37.24,61.91150000000001
28,Anarchist Outsider,37.6,45.120000000000005,45.120000000000005,50.00800000000001,50.00800000000001,30.080000000000002,25.192000000000004,45.120000000000005,37.6
28,Total,90.0,90.0,84.9072,90.0,62.712,76.60799999999999,90.0,74.88000000000001,71.82
29,Organized Crime,39.36,32.800000000000004,21.976000000000003,32.800000000000004,32.800000000000004,21.976000000000003,32.800000000000004,39.36,39.36
29,Other Criminals,69.6,69.6,77.14,69.6,46.400000000000006,38.86,46.400000000000006,77.14,38.86
29,APTs,61.18000000000001,61.18000000000001,36.800000000000004,36.800000000000004,61.18000000000001,61.18000000000001,30.82,36.800000000000004,36.800000000000004
29,Other Governments,42.400000000000006,33.92000000000001,28.408000000000005,33.92000000000001,42.400000000000006,28.408000000000005,50.879999999999995,56.39200000000001,50.879999999999995
29,Competitors,32.64000000000001,48.96,54.264,48.96,32.64000000000001,32.64000000000001,27.336000000000002,27.336000000000002,54.264
29,Anarchist Insider,44.4,44.4,53.279999999999994,59.052,29.748,29.748,35.52,29.748,35.52
29,Anarchist Outsider,26.880000000000003,22.512,40.32,33.6,33.6,33.6,22.512,26.880000000000003,33.6
29,Total,69.6,69.6,77.14,69.6,61.18000000000001,61.18000000000001,50.879999999999995,77.14,54.264
30,Organized Crime,63.84,38.4,38.4,32.16,57.599999999999994,48.0,38.4,57.599999999999994,32.16
30,Other Criminals,62.4,74.88,74.88,41.808,82.99199999999999,74.88,74.88,41.808,62.4
30,APTs,58.52,90.0,58.52,49.01050000000001,90.0,90.0,87.78,87.78,73.15
30,Other Governments,67.2,53.760000000000005,67.2,89.376,67.2,53.760000000000005,89.376,80.64,53.760000000000005
30,Competitors,55.86,42.0,55.86,42.0,55.86,33.6,33.6,50.4,50.4
30,Anarchist Insider,83.52,83.52,69.6,69.6,55.68000000000001,90.0,69.6,55.68000000000001,83.52
30,Anarchist Outsider,52.668000000000006,29.406300000000005,29.406300000000005,52.668000000000006,35.112,43.89,35.112,58.37370000000001,29.406300000000005
30,Total,83.52,90.0,74.88,89.376,90.0,90.0,89.376,87.78,83.52
31,Organized Crime,46.550000000000004,55.86,55.86,61.91150000000001,46.550000000000004,37.24,55.86,37.24,37.24
31,Other Criminals,50.0,33.5,60.0,50.0,40.0,40.0,40.0,40.0,60.0
31,APTs,90.0,86.39999999999999,48.24,57.599999999999994,86.39999999999999,90.0,57.599999999999994,86.39999999999999,48.24
31,Other Governments,65.17,65.17,52.13600000000001,52.13600000000001,43.66390000000001,78.204,78.204,86.6761,43.66390000000001
31,Competitors,61.48590000000001,90.0,90.0,73.41600000000001,90.0,90.0,90.0,90.0,61.48590000000001
31,Anarchist Insider,51.870000000000005,51.870000000000005,26.130000000000003,46.8,39.0,51.870000000000005,39.0,51.870000000000005,26.130000000000003
31,Anarchist Outsider,28.944000000000003,43.416000000000004,48.119400000000006,43.416000000000004,36.18,28.944000000000003,43.416000000000004,24.2406,48.119400000000006
31,Total,90.0,90.0,90.0,73.41600000000001,90.0,90.0,90.0,90.0,61.48590000000001
32,Organized Crime,33.768,28.14,37.4262,28.14,37.4262,28.14,33.768,22.512000000000004,33.768
32,Other Criminals,44.0,29.48,35.2,52.8,29.48,58.52,58.52,29.48,52.8
32,APTs,21.976000000000003,27.470000000000002,21.976000000000003,21.976000000000003,36.5351,18.4049,27.470000000000002,32.964,18.4049
32,Other Governments,35.52,44.4,44.4,35.52,44.4,44.4,35.52,35.52,44.4
32,Competitors,44.160000000000004,55.2,55.2,44.160000000000004,44.160000000000004,55.2,55.2,36.984,73.41600000000001
32,Anarchist Insider,90.0,53.46600000000001,90.0,63.84,63.84,90.0,90.0,79.80000000000001,90.0
32,Anarchist Outsider,50.79270000000001,75.81,50.79270000000001,60.648,90.0,60.648,90.0,60.648,60.648
32,Total,90.0,75.81,90.0,63.84,90.0,90.0,90.0,79.80000000000001,90.0
33,Organized Crime,36.18,40.099500000000006,24.12,30.150000000000002,24.12,30.150000000000002,40.099500000000006,36.18,30.150000000000002
33,Other Criminals,35.376,63.35999999999999,63.35999999999999,35.376,35.376,52.8,52.8,70.224,42.24
33,APTs,52.8,52.8,42.24,63.35999999999999,70.224,70.224,52.8,70.224,63.35999999999999
33,Other Governments,54.400000000000006,54.400000000000006,65.28,72.352,36.448,65.28,36.448,72.352,72.352
33,Competitors,70.55999999999999,70.55999999999999,47.04,78.204,39.39600000000001,47.04,70.55999999999999,47.04,39.39600000000001
33,Anarchist Insider,84.9072,63.84,84.9072,76.60799999999999,63.84,76.60799999999999,63.84,76.60799999999999,76.60799999999999
33,Anarchist Outsider,27.470000000000002,36.5351,27.470000000000002,32.964,27.470000000000002,21.976000000000003,32.964,36.5351,36.5351
33,Total,84.9072,70.55999999999999,84.9072,78.204,70.224,76.60799999999999,70.55999999999999,76.60799999999999,76.60799999999999
34,Organized Crime,42.0,55.86000000000001,28.140000000000004,42.0,33.6,42.0,42.0,28.140000000000004,33.6
34,Other Criminals,70.8,70.8,59.0,59.0,39.53,47.2,47.2,47.2,47.2
34,APTs,59.85,79.60050000000001,79.60050000000001,71.82000000000001,71.82000000000001,71.82000000000001,59.85,79.60050000000001,47.88
34,Other Governments,50.7927,25.587300000000006,25.587300000000006,50.7927,25.587300000000006,30.552000000000003,50.7927,30.552000000000003,25.587300000000006
34,Competitors,26.240000000000006,21.976000000000003,26.240000000000006,39.36,21.976000000000003,32.800000000000004,43.624,39.36,26.240000000000006
34,Anarchist Insider,47.0,56.4,37.6,56.4,62.510000000000005,47.0,62.510000000000005,62.510000000000005,47.0
34,Anarchist Outsider,58.0,38.86,38.86,77.14,69.6,77.14,38.86,58.0,69.6
34,Total,70.8,79.60050000000001,79.60050000000001,77.14,71.82000000000001,77.14,62.510000000000005,79.60050000000001,69.6
35,Organized Crime,42.0,42.0,42.0,42.0,33.6,33.6,33.6,50.4,50.4
35,Other Criminals,40.0,48.0,40.0,48.0,53.2,32.0,48.0,40.0,48.0
35,APTs,28.944000000000003,48.119400000000006,48.119400000000006,24.2406,24.2406,43.416000000000004,43.416000000000004,48.119400000000006,43.416000000000004
35,Other Governments,42.400000000000006,63.599999999999994,53.0,42.400000000000006,53.0,42.400000000000006,42.400000000000006,35.510000000000005,35.510000000000005
35,Competitors,33.86180000000001,25.46,25.46,20.368000000000002,30.552000000000003,17.058200000000003,25.46,17.058200000000003,33.86180000000001
35,Anarchist Insider,90.0,86.45,57.92150000000001,90.0,86.45,86.45,86.45,57.92150000000001,90.0
35,Anarchist Outsider,56.64,56.64,37.760000000000005,37.760000000000005,62.776,56.64,31.624000000000002,62.776,31.624000000000002
35,Total,90.0,86.45,57.92150000000001,90.0,86.45,86.45,86.45,62.776,90.0
36,Organized Crime,79.60050000000001,71.82000000000001,79.60050000000001,71.82000000000001,47.88,40.099500000000006,71.82000000000001,59.85,59.85
36,Other Criminals,30.016000000000005,37.52,25.138400000000004,49.90160000000001,30.016000000000005,25.138400000000004,30.016000000000005,25.138400000000004,30.016000000000005
36,APTs,63.35999999999999,35.376,70.224,35.376,35.376,42.24,42.24,42.24,35.376
36,Other Governments,49.0,49.0,32.830000000000005,65.17,49.0,65.17,65.17,32.830000000000005,32.830000000000005
36,Competitors,34.4,23.048000000000002,23.048000000000002,27.52,45.75200000000001,41.28,27.52,41.28,34.4
36,Anarchist Insider,34.56,57.45600000000001,51.84,57.45600000000001,57.45600000000001,57.45600000000001,34.56,34.56,57.45600000000001
36,Anarchist Outsider,38.190000000000005,38.190000000000005,45.6,57.0,68.39999999999999,75.81,75.81,57.0,57.0
36,Total,79.60050000000001,71.82000000000001,79.60050000000001,71.82000000000001,68.39999999999999,75.81,75.81,59.85,59.85
37,Organized Crime,25.587300000000006,25.587300000000006,50.7927,45.827999999999996,30.552000000000003,30.552000000000003,38.190000000000005,30.552000000000003,25.587300000000006
37,Other Criminals,32.800000000000004,41.0,54.53,54.53,41.0,49.199999999999996,32.800000000000004,41.0,41.0
37,APTs,54.72,30.552,36.480000000000004,45.6,36.480000000000004,30.552,30.552,60.648,60.648
37,Other Governments,26.264000000000006,39.2,31.360000000000003,52.136,31.360000000000003,47.04,52.136,47.04,26.264000000000006
37,Competitors,23.048000000000002,23.048000000000002,34.4,34.4,45.75200000000001,45.75200000000001,27.52,41.28,45.75200000000001
37,Anarchist Insider,73.44,73.44,48.96,41.004,81.396,48.96,48.96,73.44,61.199999999999996
37,Anarchist Outsider,55.0,44.0,44.0,55.0,55.0,66.0,36.85,36.85,36.85
37,Total,73.44,73.44,54.53,55.0,81.396,66.0,52.136,73.44,61.199999999999996
38,Organized Crime,65.968,49.6,59.519999999999996,49.6,49.6,65.968,65.968,39.68000000000001,33.232
38,Other Criminals,42.612,35.510000000000005,47.22830000000001,23.791700000000006,35.510000000000005,47.22830000000001,42.612,42.612,42.612
38,APTs,32.0,53.2,32.0,53.2,26.8,40.0,40.0,32.0,48.0
38,Other Governments,56.64,62.776,37.760000000000005,47.2,37.760000000000005,31.624000000000002,31.624000000000002,62.776,62.776
38,Competitors,26.264000000000003,39.396,21.996100000000006,26.264000000000003,39.396,39.396,43.663900000000005,32.830000000000005,43.663900000000005
38,Anarchist Insider,73.416,73.416,81.36940000000001,61.18000000000001,81.36940000000001,61.18000000000001,81.36940000000001,48.94400000000001,73.416
38,Anarchist Outsider,53.0,35.510000000000005,53.0,35.510000000000005,42.400000000000006,42.400000000000006,53.0,63.599999999999994,70.49000000000001
38,Total,73.416,73.416,81.36940000000001,61.18000000000001,81.36940000000001,65.968,81.36940000000001,63.599999999999994,73.416
39,Organized Crime,74.88,74.88,49.92,74.88,49.92,41.808,82.99199999999999,74.88,74.88
39,Other Criminals,42.0,28.0,23.450000000000003,42.0,35.0,42.0,28.0,42.0,23.450000000000003
39,APTs,34.4,34.4,27.52,23.048000000000002,23.048000000000002,27.52,27.52,41.28,27.52
39,Other Governments,13.0181,19.43,13.0181,19.43,25.841900000000003,25.841900000000003,25.841900000000003,13.0181,15.544000000000002
39,Competitors,46.0,61.18000000000001,30.82,55.199999999999996,30.82,36.800000000000004,30.82,61.18000000000001,61.18000000000001
39,Anarchist Insider,29.480000000000004,35.2,35.2,29.480000000000004,44.0,35.2,35.2,44.0,44.0
39,Anarchist Outsider,28.14,18.853800000000003,33.768,28.14,37.4262,22.512000000000004,18.853800000000003,18.853800000000003,37.4262
39,Total,74.88,74.88,49.92,74.88,49.92,42.0,82.99199999999999,74.88,74.88
40,Organized Crime,41.49600000000001,62.244,62.244,62.244,68.98710000000001,51.870000000000005,62.244,34.752900000000004,62.244
40,Other Criminals,19.3027,38.3173,34.572,34.572,34.572,34.572,38.3173,38.3173,19.3027
40,APTs,38.4,57.599999999999994,63.84,63.84,48.0,32.16,32.16,32.16,63.84
40,Other Governments,44.160000000000004,44.160000000000004,36.984,55.199999999999996,44.160000000000004,44.160000000000004,55.199999999999996,55.199999999999996,44.160000000000004
40,Competitors,36.176,21.760000000000005,18.224,32.64,32.64,18.224,27.200000000000003,36.176,18.224
40,Anarchist Insider,42.400000000000006,50.879999999999995,33.92000000000001,50.879999999999995,50.879999999999995,33.92000000000001,50.879999999999995,56.39200000000001,42.400000000000006
40,Anarchist Outsider,42.612,47.22830000000001,47.22830000000001,35.510000000000005,23.791700000000006,35.510000000000005,35.510000000000005,23.791700000000006,42.612
40,Total,44.160000000000004,62.244,63.84,63.84,68.98710000000001,51.870000000000005,62.244,56.39200000000001,63.84
41,Organized Crime,42.612,63.599999999999994,42.612,63.599999999999994,84.58800000000001,76.32,63.599999999999994,63.599999999999994,63.599999999999994
41,Other Criminals,61.199999999999996,48.96,81.396,81.396,61.199999999999996,41.004,48.96,41.004,73.44
41,APTs,62.77600000000001,90.0,52.57490000000001,90.0,90.0,78.47,52.57490000000001,78.47,62.77600000000001
41,Other Governments,61.92,51.6,34.572,34.572,68.628,68.628,41.279999999999994,68.628,41.279999999999994
41,Competitors,50.7927,25.587300000000006,45.827999999999996,50.7927,38.190000000000005,30.552000000000003,38.190000000000005,45.827999999999996,50.7927
41,Anarchist Insider,63.35999999999999,42.24,70.224,63.35999999999999,42.24,70.224,63.35999999999999,52.8,42.24
41,Anarchist Outsider,18.76,22.400000000000002,22.400000000000002,28.0,28.0,33.6,22.400000000000002,37.24,18.76
41,Total,63.35999999999999,90.0,81.396,90.0,90.0,78.47,63.599999999999994,78.47,73.44
42,Organized Crime,52.8,66.0,44.22,87.78,44.22,66.0,44.22,87.78,87.78
42,Other Criminals,24.689500000000002,29.48,24.689500000000002,36.85,44.220000000000006,29.48,44.220000000000006,44.220000000000006,36.85
42,APTs,78.47,47.2,59.0,47.2,39.53,39.53,39.53,78.47,39.53
42,Other Governments,31.088000000000005,46.632,31.088000000000005,31.088000000000005,51.683800000000005,26.0362,26.0362,31.088000000000005,46.632
42,Competitors,90.0,62.4,90.0,90.0,52.260000000000005,90.0,90.0,62.4,52.260000000000005
42,Anarchist Insider,88.44500000000001,79.80000000000001,79.80000000000001,88.44500000000001,44.555,66.5,44.555,53.2,66.5
42,Anarchist Outsider,51.6,34.4,57.190000000000005,51.6,34.4,34.4,34.4,43.0,43.0
42,Total,90.0,79.80000000000001,90.0,90.0,52.260000000000005,90.0,90.0,87.78,87.78
43,Organized Crime,19.3027,23.048000000000002,34.572,34.572,19.3027,23.048000000000002,23.048000000000002,19.3027,28.810000000000002
43,Other Criminals,43.2,34.56,28.944000000000003,28.944000000000003,28.944000000000003,43.2,57.45600000000001,51.84,57.45600000000001
43,APTs,49.90160000000001,90.0,89.376,89.376,49.90160000000001,49.90160000000001,74.48,49.90160000000001,89.376
43,Other Governments,59.85,30.150000000000002,59.85,45.0,30.150000000000002,36.0,54.0,54.0,59.85
43,Competitors,36.18,64.8,36.18,36.18,36.18,43.199999999999996,71.82,54.0,43.199999999999996
43,Anarchist Insider,62.4,74.88,62.4,82.99199999999999,82.99199999999999,41.808,74.88,62.4,82.99199999999999
43,Anarchist Outsider,40.99060000000001,24.656000000000006,20.6494,40.99060000000001,20.6494,30.82,20.6494,40.99060000000001,40.99060000000001
43,Total,62.4,90.0,89.376,89.376,82.99199999999999,49.90160000000001,74.88,62.4,89.376
44,Organized Crime,39.39600000000001,58.8,78.204,47.04,47.04,78.204,58.8,47.04,70.55999999999999
44,Other Criminals,54.72,45.6,45.6,54.72,30.552,36.480000000000004,54.72,36.480000000000004,30.552
44,APTs,26.8,48.0,53.2,48.0,32.0,48.0,40.0,53.2,53.2
44,Other Governments,90.0,52.57490000000001,90.0,90.0,62.77600000000001,62.77600000000001,78.47,78.47,52.57490000000001
44,Competitors,37.788000000000004,37.788000000000004,41.88170000000001,37.788000000000004,41.88170000000001,25.192000000000004,41.88170000000001,37.788000000000004,37.788000000000004
44,Anarchist Insider,57.190000000000005,28.810000000000002,34.4,43.0,34.4,57.190000000000005,28.810000000000002,43.0,57.190000000000005
44,Anarchist Outsider,53.2,40.0,32.0,53.2,48.0,53.2,48.0,32.0,53.2
44,Total,90.0,58.8,90.0,90.0,62.77600000000001,78.204,78.47,78.47,70.55999999999999
45,Organized Crime,30.82,36.984,20.6494,20.6494,24.656000000000006,20.6494,30.82,24.656000000000006,40.99060000000001
45,Other Criminals,28.944,51.839999999999996,57.456,43.199999999999996,28.944,34.56,34.56,51.839999999999996,43.199999999999996
45,APTs,44.800000000000004,37.52,67.2,44.800000000000004,56.0,56.0,56.0,37.52,74.48
45,Other Governments,40.800000000000004,48.96,27.336000000000002,27.336000000000002,40.800000000000004,32.64000000000001,27.336000000000002,48.96,40.800000000000004
45,Competitors,44.688,44.688,22.512,22.512,40.32,33.6,44.688,44.688,33.6
45,Anarchist Insider,54.0,45.0,30.150000000000002,36.0,36.0,59.85,36.0,36.0,30.150000000000002
45,Anarchist Outsider,51.0,34.17,67.83,51.0,51.0,34.17,67.83,67.83,61.199999999999996
45,Total,54.0,51.839999999999996,67.83,51.0,56.0,59.85,67.83,67.83,74.48
46,Organized Crime,87.84,87.84,87.84,49.044000000000004,58.56,90.0,90.0,87.84,49.044000000000004
46,Other Criminals,38.86,51.683800000000005,38.86,26.0362,51.683800000000005,31.088000000000005,38.86,31.088000000000005,31.088000000000005
46,APTs,49.848,90.0,90.0,74.39999999999999,74.39999999999999,90.0,89.27999999999999,90.0,90.0
46,Other Governments,19.296000000000003,23.040000000000003,19.296000000000003,38.304,23.040000000000003,23.040000000000003,34.559999999999995,34.559999999999995,19.296000000000003
46,Competitors,85.12,90.0,57.03040000000001,90.0,57.03040000000001,90.0,57.03040000000001,85.12,68.096
46,Anarchist Insider,22.78,34.0,45.22,34.0,45.22,40.8,27.200000000000003,45.22,45.22
46,Anarchist Outsider,44.89,53.6,89.11,80.39999999999999,67.0,67.0,44.89,80.39999999999999,67.0
46,Total,87.84,90.0,90.0,90.0,74.39999999999999,90.0,90.0,90.0,90.0
47,Organized Crime,65.28,90.0,54.672000000000004,81.6,81.6,90.0,90.0,81.6,90.0
47,Other Criminals,39.68000000000001,49.6,33.232,39.68000000000001,49.6,39.68000000000001,49.6,49.6,49.6
47,APTs,78.47,78.47,90.0,62.77600000000001,90.0,90.0,78.47,90.0,78.47
47,Other Governments,35.0,42.0,28.0,42.0,28.0,23.450000000000003,42.0,35.0,46.550000000000004
47,Competitors,40.099500000000006,40.099500000000006,47.88,71.82000000000001,79.60050000000001,40.099500000000006,40.099500000000006,71.82000000000001,40.099500000000006
47,Anarchist Insider,48.94400000000001,81.36940000000001,48.94400000000001,48.94400000000001,40.9906,40.9906,73.416,48.94400000000001,48.94400000000001
47,Anarchist Outsider,81.396,41.004,41.004,41.004,48.96,41.004,48.96,61.199999999999996,61.199999999999996
47,Total,81.396,90.0,90.0,81.6,90.0,90.0,90.0,90.0,90.0
48,Organized Crime,33.768,33.768,33.768,22.512000000000004,28.14,22.512000000000004,22.512000000000004,37.4262,28.14
48,Other Criminals,55.0,73.15,55.0,66.0,44.0,36.85,44.0,73.15,36.85
48,APTs,32.0,32.0,40.0,53.2,32.0,53.2,48.0,26.8,53.2
48,Other Governments,24.2406,24.2406,24.2406,43.416000000000004,48.119400000000006,43.416000000000004,48.119400000000006,28.944000000000003,28.944000000000003
48,Competitors,32.64,48.959999999999994,54.263999999999996,54.263999999999996,48.959999999999994,32.64,27.336000000000002,54.263999999999996,27.336000000000002
48,Anarchist Insider,71.82,71.82,64.8,71.82,36.18,54.0,43.199999999999996,54.0,43.199999999999996
48,Anarchist Outsider,34.0,45.22,40.8,22.78,27.200000000000003,34.0,45.22,40.8,27.200000000000003
48,Total,71.82,73.15,64.8,71.82,48.959999999999994,54.0,48.119400000000006,73.15,53.2
49,Organized Crime,34.84,34.84,29.178500000000003,43.550000000000004,57.92150000000001,57.92150000000001,34.84,29.178500000000003,29.178500000000003
49,Other Criminals,34.572,34.572,34.572,41.279999999999994,68.628,51.6,34.572,34.572,41.279999999999994
49,APTs,49.21,39.368,39.368,49.21,49.21,49.21,32.97070000000001,65.44930000000001,39.368
49,Other Governments,90.0,90.0,77.14,77.14,61.71200000000001,90.0,90.0,77.14,51.683800000000005
49,Competitors,48.0,72.0,79.8,48.0,60.0,48.0,79.8,72.0,48.0
49,Anarchist Insider,59.85,47.88,59.85,40.099500000000006,79.60050000000001,40.099500000000006,71.82000000000001,47.88,40.099500000000006
49,Anarchist Outsider,23.680000000000003,35.52,35.52,29.6,19.832000000000004,39.368,29.6,23.680000000000003,39.368
49,Total,90.0,90.0,79.8,77.14,79.60050000000001,90.0,90.0,77.14,51.683800000000005
50,Organized Crime,64.8,71.82000000000001,54.0,71.82000000000001,64.8,71.82000000000001,64.8,43.2,36.18
50,Other Criminals,90.0,60.648,50.79270000000001,60.648,90.0,90.0,50.79270000000001,90.0,60.648
50,APTs,57.03040000000001,85.12,90.0,57.03040000000001,57.03040000000001,57.03040000000001,85.12,90.0,68.096
50,Other Governments,46.8,51.870000000000005,26.130000000000003,46.8,46.8,46.8,39.0,26.130000000000003,31.200000000000003
50,Competitors,25.192000000000004,37.788000000000004,41.88170000000001,31.490000000000002,41.88170000000001,25.192000000000004,37.788000000000004,41.88170000000001,37.788000000000004
50,Anarchist Insider,40.2,48.24,32.160000000000004,53.46600000000001,53.46600000000001,53.46600000000001,40.2,32.160000000000004,48.24
50,Anarchist Outsider,82.99199999999999,41.808,41.808,74.88,49.92,41.808,82.99199999999999,74.88,41.808
50,Total,90.0,85.12,90.0,74.88,90.0,90.0,85.12,90.0,68.096
